{"cameraMode":{"drawMode":0,"name":"Shaded","section":"Shading Mode"},"sceneLighting":false,"audioPlay":false,"sceneViewState":{"showFog":true,"showMaterialUpdate":false,"showSkybox":true,"showFlares":true,"showImageEffects":true,"showParticleSystems":true},"in2DMode":false,"pivot":{"x":-1.4624338150024415,"y":0.5897634029388428,"z":0.9915738105773926},"rotation":{"x":-0.001137002371251583,"y":0.939541220664978,"z":-0.0031150199938565494,"w":-0.34241974353790285},"size":4.755262851715088,"orthographic":false}