{"cameraMode":{"drawMode":0,"name":"Shaded","section":"Shading Mode"},"sceneLighting":false,"audioPlay":false,"sceneViewState":{"showFog":true,"showMaterialUpdate":false,"showSkybox":true,"showFlares":true,"showImageEffects":true,"showParticleSystems":true},"in2DMode":false,"pivot":{"x":16.822999954223634,"y":0.5,"z":2.0789999961853029},"rotation":{"x":0.04412867873907089,"y":0.9232320189476013,"z":-0.11161863803863526,"w":0.3650158941745758},"size":2.857893466949463,"orthographic":false}