{"cameraMode":{"drawMode":0,"name":"Shaded","section":"Shading Mode"},"sceneLighting":false,"audioPlay":false,"sceneViewState":{"showFog":true,"showMaterialUpdate":false,"showSkybox":true,"showFlares":true,"showImageEffects":true,"showParticleSystems":true},"in2DMode":false,"pivot":{"x":7.152557373046875e-7,"y":2.6990432739257814,"z":0.0},"rotation":{"x":-0.03114844113588333,"y":-0.779177725315094,"z":0.03884434700012207,"w":-0.6248223185539246},"size":16.208023071289064,"orthographic":false}