{"cameraMode":{"drawMode":0,"name":"Shaded","section":"Shading Mode"},"sceneLighting":false,"audioPlay":false,"sceneViewState":{"showFog":true,"showMaterialUpdate":false,"showSkybox":true,"showFlares":true,"showImageEffects":true,"showParticleSystems":true},"in2DMode":false,"pivot":{"x":0.0,"y":3.0350539684295656,"z":2.384185791015625e-7},"rotation":{"x":-0.03114844113588333,"y":-0.779177725315094,"z":0.03884434700012207,"w":-0.6248223185539246},"size":11.072245597839356,"orthographic":false}