{"cameraMode":{"drawMode":0,"name":"Shaded","section":"Shading Mode"},"sceneLighting":false,"audioPlay":false,"sceneViewState":{"showFog":true,"showMaterialUpdate":false,"showSkybox":true,"showFlares":true,"showImageEffects":true,"showParticleSystems":true},"in2DMode":false,"pivot":{"x":1.2810001373291016,"y":0.47326862812042239,"z":18.167999267578126},"rotation":{"x":-0.03114844113588333,"y":-0.779177725315094,"z":0.03884434700012207,"w":-0.6248223185539246},"size":2.1906769275665285,"orthographic":false}