{"cameraMode":{"drawMode":0,"name":"Shaded","section":"Shading Mode"},"sceneLighting":false,"audioPlay":false,"sceneViewState":{"showFog":true,"showMaterialUpdate":false,"showSkybox":true,"showFlares":true,"showImageEffects":true,"showParticleSystems":true},"in2DMode":false,"pivot":{"x":-1.4239568710327149,"y":0.8959734439849854,"z":1.7432348728179932},"rotation":{"x":-0.09102845937013626,"y":0.8865013718605042,"z":-0.19759656488895417,"w":-0.40839293599128725},"size":6.099251747131348,"orthographic":false}